{
  "train_loss": [
    0.9992729425430298,
    0.9895554780960083,
    0.9797919392585754,
    0.9701035618782043,
    0.9607934355735779,
    0.9516322016716003,
    0.9424090385437012,
    0.933041512966156,
    0.9236408472061157,
    0.9140222668647766,
    0.904375433921814,
    0.894514262676239,
    0.8844481110572815,
    0.8741949200630188,
    0.8637093305587769,
    0.8528593182563782,
    0.8417283892631531,
    0.8303614854812622,
    0.8186891674995422,
    0.8068384528160095,
    0.7947457432746887,
    0.7825138568878174,
    0.7701941728591919,
    0.7577516436576843,
    0.7451648116111755,
    0.7323675751686096,
    0.7194944024085999,
    0.7065595388412476,
    0.6936903595924377,
    0.6808416843414307
  ],
  "val_loss": [
    3.3391904830932617,
    3.3299553394317627,
    3.3205726146698,
    3.3110382556915283,
    3.301206588745117,
    3.2916195392608643,
    3.2821216583251953,
    3.2724668979644775,
    3.2625293731689453,
    3.2523231506347656,
    3.241846799850464,
    3.23111891746521,
    3.219895601272583,
    3.2081573009490967,
    3.1957881450653076,
    3.182666778564453,
    3.1686716079711914,
    3.1539547443389893,
    3.1385815143585205,
    3.122441530227661,
    3.105461835861206,
    3.0876142978668213,
    3.068943738937378,
    3.0494775772094727,
    3.029109239578247,
    3.007699966430664,
    2.98514723777771,
    2.961782693862915,
    2.9373226165771484,
    2.911559820175171
  ]
}